-- Remove the original requirements

DELETE FROM "RequirementSetRequirements" WHERE "RequirementSetId" = 'REQSET_MODERN_INFANTRY_PLOT_IS_HILLS';
DELETE FROM "RequirementSets" WHERE "RequirementSetId" = 'REQSET_MODERN_INFANTRY_PLOT_IS_HILLS';
DELETE FROM "RequirementArguments" WHERE "RequirementId" = 'REQ_MODERN_INFANTRY_PLOT_IS_HILLS';
DELETE FROM "Requirements" WHERE "RequirementId" = 'REQ_MODERN_INFANTRY_PLOT_IS_HILLS';

-- Replace with requirements for each specific hill terrain

INSERT INTO "Requirements"
	(	"RequirementId",							"RequirementType",							"Likeliness",	"Inverse",	"Triggered"	)
VALUES
	(	'REQ_MODERN_INFANTRY_PLOT_IS_DESERT_HILLS',	'REQUIREMENT_PLOT_TERRAIN_TYPE_MATCHES',	0,				0,			0			),
	(	'REQ_MODERN_INFANTRY_PLOT_IS_PLAINS_HILLS',	'REQUIREMENT_PLOT_TERRAIN_TYPE_MATCHES',	0,				0,			0			),
	(	'REQ_MODERN_INFANTRY_PLOT_IS_GRASS_HILLS',	'REQUIREMENT_PLOT_TERRAIN_TYPE_MATCHES',	0,				0,			0			),
	(	'REQ_MODERN_INFANTRY_PLOT_IS_TUNDRA_HILLS',	'REQUIREMENT_PLOT_TERRAIN_TYPE_MATCHES',	0,				0,			0			),
	(	'REQ_MODERN_INFANTRY_PLOT_IS_SNOW_HILLS',	'REQUIREMENT_PLOT_TERRAIN_TYPE_MATCHES',	0,				0,			0			);

INSERT INTO "RequirementArguments"
	(	"RequirementId",							"Name",			"Value"					)
VALUES
	(	'REQ_MODERN_INFANTRY_PLOT_IS_DESERT_HILLS',	'TerrainType',	'TERRAIN_DESERT_HILLS'	),
	(	'REQ_MODERN_INFANTRY_PLOT_IS_PLAINS_HILLS',	'TerrainType',	'TERRAIN_PLAINS_HILLS'	),
	(	'REQ_MODERN_INFANTRY_PLOT_IS_GRASS_HILLS',	'TerrainType',	'TERRAIN_GRASS_HILLS'	),
	(	'REQ_MODERN_INFANTRY_PLOT_IS_TUNDRA_HILLS',	'TerrainType',	'TERRAIN_TUNDRA_HILLS'	),
	(	'REQ_MODERN_INFANTRY_PLOT_IS_SNOW_HILLS',	'TerrainType',	'TERRAIN_SNOW_HILLS'	);

INSERT INTO "RequirementSets"
	(	"RequirementSetId",						"RequirementSetType"		)
VALUES
	(	'REQSET_MODERN_INFANTRY_PLOT_IS_HILLS',	'REQUIREMENTSET_TEST_ANY'	);

INSERT INTO "RequirementSetRequirements"
	(	"RequirementSetId",						"RequirementId"								)
VALUES
	(	'REQSET_MODERN_INFANTRY_PLOT_IS_HILLS',	'REQ_MODERN_INFANTRY_PLOT_IS_DESERT_HILLS'	),
	(	'REQSET_MODERN_INFANTRY_PLOT_IS_HILLS',	'REQ_MODERN_INFANTRY_PLOT_IS_PLAINS_HILLS'	),
	(	'REQSET_MODERN_INFANTRY_PLOT_IS_HILLS',	'REQ_MODERN_INFANTRY_PLOT_IS_GRASS_HILLS'	),
	(	'REQSET_MODERN_INFANTRY_PLOT_IS_HILLS',	'REQ_MODERN_INFANTRY_PLOT_IS_TUNDRA_HILLS'	),
	(	'REQSET_MODERN_INFANTRY_PLOT_IS_HILLS',	'REQ_MODERN_INFANTRY_PLOT_IS_SNOW_HILLS'	);

